C,ROLE,E001,E002,E003,N001,N002,N003
CC7DD7432A2ED,R0,0.8061585803387726,4.598538619584903,15.090379310344826,29,29,29
C24EB7E2397CB,R0,0.65754374570161,6.034938976936935,10.946620689655175,29,29,29
C2EEB8DE18DCB,R0,0.8529984432038015,6.108004417495637,14.156827586206898,29,29,29
C28F3D3348BDC,R0,0.5532219677029737,1.0668791975221419,5.817517241379312,29,29,29
C27F3D1A186DC,R0,0.5331811648821607,2.313431813473211,5.139275862068965,29,29,29
CD7001E1165B7,R0,0.5495052181653295,9.406189701248806,6.984344827586207,29,29,29
C58408E2A5D06,R0,0.841559116893134,3.5968520379617246,2.120068965517242,29,29,29
C2F3E0F084404,R0,0.5129997179487735,1.9913356115427283,7.48303448275862,29,29,29
C313E122E4204,R0,0.7499726877914233,1.630967542449658,1.3300344827586206,29,29,29
C1C44ACE41902,R0,0.7291512422610055,2.1693162313994163,3.754689655172414,29,29,29
C7B4303DAF7FF,R0,0.7296948688397821,1.1060178712703186,4.0090689655172405,29,29,29
C6542E13805FF,R0,0.635046294139747,4.74505261742126,10.04941379310345,29,29,29
C172212C32024,R0,0.41321249387579284,2.5332527015955013,1.1686551724137928,29,29,29
C162211301F24,R0,0.6287779367978246,5.893505676476413,10.587655172413793,29,29,29
C6B2058680022,R0,0.8335968773157476,11.685461147974518,23.682344827586213,24,29,29
C2F2CC5E7081B,R0,0.5441700878050506,5.135281822212059,8.568103448275862,29,29,29
C272CB94F101B,R0,0.6329453899767894,5.452476463103728,9.668896551724135,29,29,29
C532F3D2A2013,R0,0.6827805566242843,2.768587188838926,2.9762758620689658,29,29,29
C24131CB01133,R0,0.626934085833077,2.6883605862199187,9.804103448275864,29,29,29
C3313344D0433,R0,0.1906120124005818,2.999664550325256,6.245241379310344,29,29,29
C7318163B442F,R0,0.4604367755437282,4.30586686530612,2.8162413793103447,28,28,29
C181B58915527,R0,0.400740421306526,5.628395247492749,19.686241379310342,29,29,29
C9E525D79DDEF,R0,0.8618430421681817,7.939596596892415,5.474586206896552,29,29,29
CA6526A11D5EF,R0,0.5601947160169405,2.1371747303088333,7.305896551724136,29,29,29
CAF63C15DEB00,R0,0.5424612070856719,1.6984820036653676,4.084896551724138,29,29,29
CA663B332F200,R0,0.6012085234220286,3.4114398292720884,8.399655172413793,29,29,29
CA463B00CF400,R0,0.3992368154168478,2.544927328248764,4.257241379310345,29,29,29
CAA5B6AB9E9FA,R0,0.7124769702928069,1.271398346262425,4.928172413793104,29,29,29
CF0575BBDCBFE,R0,0.7938656189899472,4.4682245356070975,3.893344827586206,29,29,29
CED575704CCFE,R0,0.3547678760564935,5.191530164041446,20.077310344827584,29,29,29
CE8574F25D3FE,R2,0.6799890545797089,3.393944118313521,11.968689655172417,29,29,29
CE7574D92D2FE,R0,0.9195678286519648,2.0327248919607417,4.314275862068965,29,29,29
C0771C36FB2CA,R0,0.669877313779981,2.4538832296497652,7.815482758620688,29,29,29
CEA6F5731E9BD,R0,0.5624594127267363,4.142651927166267,3.238896551724138,28,29,29
CC08D2A27A3DB,R0,0.6318818306252146,3.889512793177295,7.041172413793104,29,29,29
CBB866683DEDE,R0,0.47845137831291346,2.935279809800796,5.510103448275863,29,29,29
C05F6E7017E0E,R0,0.5348287924542462,2.096905698759959,6.797724137931036,29,29,29
C27E156388C28,R0,0.47440601002715627,2.0952629387563517,5.573482758620691,29,29,29
C09DEE8676A26,R0,0.7157042754708941,3.6236139854071876,6.3151379310344815,29,29,29
C59C38FDA5A46,R0,0.40523944683131446,2.0791482170792808,16.848068965517243,29,29,29
CD523D178051D,R0,0.6557133908301531,3.870602230851378,4.157379310344827,29,29,29
CC91AC4380914,R0,0.7784653204258314,1.5228932951330834,9.873896551724135,29,29,29
CDA4C7BC70A45,R0,0.5809281998628139,3.4561134308244994,16.293586206896546,29,29,29
CD64C757B0645,R0,0.5280757214880177,5.4424605632314185,8.819793103448276,29,29,29
CC61FFD7EAE5F,R0,0.5138905744160115,2.972545459113481,9.516896551724141,29,29,29
C2927551C8D5D,R0,0.6897974360352122,5.753766201827966,4.45096551724138,28,29,29
CE13A6B7C5549,R0,0.5424325254012715,2.362762517265538,9.452241379310346,29,29,29
C9F2A6571E791,R0,0.3527386509986023,3.5275869573616703,18.96086206896552,29,29,29
C9D221386FD94,R1,0.6410067896468898,3.152827235733356,5.786137931034482,29,29,29
CBA338A4E029C,R0,0.8076071800105802,4.298233065762109,14.179275862068966,29,29,29
CA83BBCBD147C,R0,0.810342252821396,2.6094891080701683,5.621689655172414,29,29,29
C5B3D821D437E,R0,0.6987657558184117,2.4040042019923544,4.908379310344827,29,29,29
C6748225D4F87,R0,0.8728008611906555,3.6710091601883597,8.638551724137933,29,29,29
C753FE9A2F58B,R0,0.8243883574899088,6.1419672038980595,3.108103448275862,29,29,29
C4DFA87B9EEBC,R0,0.6835240850942391,4.673833924527256,14.579793103448274,29,29,29
CBC0A3F6D40C1,R0,0.8629242952055869,1.6990388988713931,2.741206896551724,29,29,29
C978395C5DDBF,R0,0.6283890074981872,3.844391996504118,4.334586206896552,29,29,29
CCA8F1F016CB7,R0,0.7396638545725495,3.5462269589114364,5.147758620689655,29,29,29
CB8C09F777E86,R0,0.6041090313867643,4.173957575348341,11.71775862068966,29,29,29
CA1CF85CC9377,R0,0.9714654272892004,3.1140921594882056,12.779344827586204,24,29,29
CFECDD99C7474,R0,0.522269354542973,2.9819463103500303,7.060793103448276,29,29,29
C92FF418E67CC,R0,0.6055384292865656,3.8432331713736407,5.331482758620688,29,29,29
C2CEF96723DDB,R0,0.598746550383041,2.907240567554827,7.341931034482759,29,29,29
C54D1C05665E4,R0,0.4075102678521179,6.165126095183181,7.892827586206897,29,29,29
C52D1BD3067E4,R0,0.47115867391259436,3.4064941967213205,11.086413793103448,29,29,29
C51D1BB9D4AE4,R0,0.382570143106007,15.051341890431383,10.203275862068967,28,29,29
C92D460870BE8,R0,0.5367252451531801,3.9688754120283365,3.9990344827586206,29,29,29
C78D437990DE8,R0,0.5262253493646198,2.4176695046221113,8.00648275862069,29,29,29
C2DD7931F3EF3,R0,0.5939299170843175,3.0524913108409293,9.747034482758622,29,29,29
C9769CDE7DC9B,R0,0.776605324427416,2.807101534111659,6.8549655172413795,25,29,29
C8C8C4ED8DD79,R0,0.7707057398184834,2.3585940792345097,14.786655172413791,27,29,29
CDA43D387DBC6,R0,0.5502989416815615,2.019802912331993,3.863034482758621,28,29,29
C2187413582BA,R0,0.5417647955351729,4.646204552995206,7.615758620689655,29,29,29
C0D7E275D4EAF,R0,0.7612866601102192,2.176460984491764,3.3421724137931035,29,29,29
C19782A133AB5,R0,0.8256206528057652,4.138369170396287,2.8119310344827584,29,29,29
C4E71C1BD8BA3,R0,0.7888664427993035,3.2852390327812575,0.6436896551724138,29,29,29
C116495C382A1,R0,0.5098697589320531,3.26791076886606,3.4534137931034476,29,29,29
C6751956D348D,R0,0.38290163469702404,5.227763726825939,1.7316206896551725,28,29,29
C5570FA93E1D5,R0,0.9141763592839284,6.359115845130227,9.09510344827586,28,28,29
C6A711BA2CAD5,R0,0.3932690512346582,22.658836092853335,19.194896551724142,29,29,29
C6E826B0FFEC0,R0,0.6764850203371686,3.850672462379117,6.492068965517241,24,29,29
CAA4460C40B03,R0,0.6257220835534367,4.680131700818608,10.909000000000002,29,29,29
CA942209AD200,R0,0.36434861570035165,2.8187367620125827,4.549068965517241,29,29,29
C6A3F7ED6CB07,R0,0.6384599796829256,5.737874734865649,11.855379310344825,29,29,29
C139291547129,R0,0.33894464518522655,20.59458916227643,3.448206896551724,29,29,29
C049279B76229,R0,0.5657858871919891,3.8196123896419585,10.712448275862071,29,29,29
CD9856A13B31D,R0,0.8533679835609205,5.447644829276542,4.081448275862068,29,29,29
CDF857385AD1D,R0,0.7336362516703345,4.262061802235865,3.620241379310344,29,29,29
CF687D6516020,R0,0.6922662560126107,3.6627253849692303,4.024172413793104,29,29,29
C0EAA8E5B5038,R0,0.7372950633764479,2.5268273091052316,29.17972413793104,29,29,29
C019930C35B31,R0,0.7442709888605914,3.2195026168506966,1.7306551724137933,29,29,29
CFC9928E46E32,R0,0.5651295132125846,4.6328037430885916,5.732448275862071,29,29,29
C519E2BE19B2C,R0,0.7840663511394395,5.675402471392454,22.674068965517243,24,26,29
C4F9E28BB9D2C,R0,0.5819684977353394,4.432868352398261,6.083379310344828,29,29,29
CF4A16B11A22E,R0,0.7345672811470902,3.4860765563222174,3.198068965517242,29,29,29
C30BC0D02A9FA,R0,0.6417216001727075,4.468128146704182,10.086586206896552,29,29,29
CEBB0677068F8,R0,0.6761572249152278,3.9121598258871026,7.964275862068965,29,29,29
C33CD5ADCB116,R0,0.4970804065635896,3.90626231557125,3.380655172413793,29,29,29
C8C41C2FBEA3E,R0,0.6497836990815652,3.4441312292132973,21.146034482758626,29,29,29
C8137244EEB48,R0,0.7138896003977707,3.3777029450295957,1.2909310344827585,27,29,29
C5A2DEC8D1451,R0,0.7955789052115517,3.1408284043785146,6.061586206896552,29,29,29
C6925B5654F5F,R0,0.46176005101949236,2.3470902161357245,4.698344827586207,29,29,29
C79280D2CF357,R0,0.4252148082791004,1.6499955041218142,3.8474137931034496,29,29,29
C511C9541E768,R0,0.8087563254242696,2.246223591673297,10.744827586206895,29,29,29
C6D0DB6CB4B77,R0,0.5787539647155472,1.6187720970929471,5.2393793103448285,28,29,29
C02561C71BC7A,R0,0.3504925583829821,3.272893929307847,3.7217586206896556,28,29,29
C0AD1F8377133,R0,0.792706074649454,2.106393201085954,2.071344827586207,29,29,29
C05D1F0586C33,R0,0.5561818455315846,6.2105085326844005,6.183655172413795,29,29,29
C09DAF100602A,R0,0.6579775259584227,4.25604436414351,4.312103448275861,29,29,29
C65E84DC75022,R0,0.7275174910230463,3.2866733359481666,3.33755172413793,29,29,29
C03E9F2186E1B,R0,0.610838855632918,2.267297032404839,10.138310344827584,29,29,29
C44F7245E6F13,R0,0.6098107845655962,3.260781210858543,11.621896551724136,29,29,29
C51F738D56413,R0,0.6439002222113096,3.105794416440709,8.128448275862068,29,29,29
C54F73D8E5F13,R0,0.6347910038972007,3.2226571385400455,5.752000000000001,29,29,29
C1CF4A6CF5710,R0,0.9473924483874968,8.083447806192726,19.955000000000002,29,29,28
CA4EF84B5E752,R0,0.1986731782700531,8.237735434796257,0.5089655172413793,28,29,29
C2BD78225496B,R0,0.6624884726122524,4.161227249759447,6.356655172413793,29,29,29
CEE0D3A857F35,R0,0.513644689918992,4.5040395074849116,7.1946551724137935,29,29,29
C481245612530,R0,0.8180757845059478,6.123359902241479,11.92562068965517,29,29,29
C79BD7440E084,R0,0.3640522571934858,3.3375338037283733,5.590931034482757,29,29,29
CD2B13468C578,R0,0.7339613839937733,7.187420706017765,14.533714285714284,29,29,28
C74B2DF05E77B,R0,0.7567038767723726,1.8512614443424573,3.314137931034483,29,29,29
CBAAED0091980,R0,0.3801527177099347,4.038656674573906,4.144413793103448,29,29,29
C7DC43651EC8C,R0,0.7337028097352187,8.52285109256606,3.9907586206896553,29,29,29
C8AC44AC8DD8C,R0,0.8519194003493975,2.9270411071079754,5.590448275862068,29,29,29
CBE8E82AAF9AF,R0,0.7015093640987884,4.111149435082419,15.271344827586208,29,28,29
CAF83DDB1EAA4,R0,0.5554382312871491,3.3257518441944924,12.213275862068963,29,29,29
CB283E26AE5A4,R0,0.548659161774791,3.253463747212015,6.497034482758619,29,29,29
CCD864B820CA7,R0,0.4640104144342639,2.2932067268319547,7.418379310344828,29,29,29
CD0A8E27D13C0,R0,0.7834763856607415,8.79320190977404,10.981793103448275,28,28,29
CB0A4F3C0B3DA,R0,0.7842222637107931,7.677426105349743,0.9247931034482761,29,29,29
C1B9B0ED55AE4,R0,0.758446656035529,3.765054868132904,3.1307931034482746,29,29,29
CF598946CC0EC,R0,0.5302523855888835,3.710575215482848,1.2401724137931032,29,29,29
C1F92C65C96F1,R0,0.8642038294255624,6.008167767596043,7.953103448275863,28,29,29
CCF8DCB3E66F6,R0,0.7013960918058412,16.29168005362717,3.3484827586206896,24,29,29
CFA87532A79F8,R0,0.7339226309770872,2.8722891558833696,2.5106551724137933,28,28,29
CBAC795C099B8,R0,0.6605543634397644,3.1066514729617967,15.092137931034486,29,29,29
CD6C7C1D4B5B8,R0,0.6207155564623351,4.309533986388569,10.024551724137929,29,29,29
C09BB462AACC9,R0,0.6391747361709621,1.413868471499036,2.9031724137931025,29,29,29
C40C2708013E6,R0,0.7507889095883982,2.3173430619913558,3.1124827586206893,29,29,29
C9BB872650ADB,R0,0.6337902249262547,8.78101112204562,8.729296296296296,29,29,27
C78A4B3944BC8,R0,0.6707193598356822,1.8059163282095425,5.626793103448276,29,29,29
CA18F2DD0F8B2,R0,0.5956161547410762,2.3464559383736954,7.122758620689658,29,29,29
C924B8B24A2FC,R0,0.6277607768434134,1.5378157178671192,1.8779655172413796,29,29,29
C9908B03CDA39,R0,0.6521904968546083,3.181276862631684,6.448344827586205,25,29,29
C232EEDEE9726,R0,0.8134177039780742,7.87893983203462,13.790620689655173,24,24,29
C80122C12F46D,R0,0.6374349997578999,2.3688012454816727,25.011310344827578,29,29,29
C4347E6053337,R0,0.8005188127291923,8.908315348446338,6.06010344827586,29,29,29
